synced_at,source_env,bot_group,strategy,model,symbol,side,qty,filled_qty,filled_avg_price,filled_at,submitted_at,status,order_type,order_class,time_in_force,order_id,client_order_id
2026-05-16 21:21:09,C:\Users\RodgerTucker\alpaca-bot\.env,DIRECT_SCANNER,direct_scanner_unknown,direct_scanner_closed_order,RDW,sell,54,54,13.88,2026-05-14 19:34:32.491751+00:00,2026-05-14 19:34:31.871417+00:00,filled,market,simple,day,a7dcdce3-8f2c-4328-9854-f1e1b1a2723c,1dcc32f6-2a00-4910-8f54-28204fdda301
2026-05-16 21:21:09,C:\Users\RodgerTucker\alpaca-bot\.env,DIRECT_SCANNER,direct_scanner_unknown,direct_scanner_closed_order,ONDS,sell,69,69,11.48,2026-05-14 19:34:34.195034+00:00,2026-05-14 19:34:31.820840+00:00,filled,market,simple,day,8d99f5bc-1d84-4b37-a1d7-2b6997d9dea5,226213f8-c6f5-4b23-a2e5-dedaeef29891
2026-05-16 21:21:09,C:\Users\RodgerTucker\alpaca-bot\.env,DIRECT_SCANNER,direct_scanner_unknown,direct_scanner_closed_order,KLAR,sell,47,47,16.31,2026-05-14 19:34:32.092265+00:00,2026-05-14 19:34:31.727478+00:00,filled,market,simple,day,be3538c1-80ae-4308-a2e1-8a26bd22e45c,0beddf3a-78c7-4f6e-8b6b-419946afc941
2026-05-16 21:21:09,C:\Users\RodgerTucker\alpaca-bot\.env,DIRECT_SCANNER,direct_scanner_unknown,direct_scanner_closed_order,ONDS,sell,69,0,,,2026-05-14 15:33:59.077498+00:00,canceled,limit,bracket,day,bc0b2721-9e1f-4393-8a21-82cec721cf51,3a5ea3ff-a593-40b9-922f-95f0ded8cf5d
2026-05-16 21:21:09,C:\Users\RodgerTucker\alpaca-bot\.env,DIRECT_SCANNER,direct_scanner_unknown,direct_scanner_closed_order,KLAR,sell,47,0,,,2026-05-14 15:33:57.479506+00:00,canceled,limit,bracket,day,39dfec73-0783-4d0c-b170-1e7c25c23803,252e5e6d-3776-489f-a8c1-59e6ccafe912
2026-05-16 21:21:09,C:\Users\RodgerTucker\alpaca-bot\.env,DIRECT_SCANNER,direct_scanner_unknown,direct_scanner_closed_order,KLAR,buy,47,47,15.86,2026-05-14 15:33:57.467930+00:00,2026-05-14 15:33:56.512996+00:00,filled,market,bracket,day,260f64db-46a9-4701-be37-b111ab075550,9ac62088-40ce-4f62-bf49-75768ae6069b
2026-05-16 21:21:09,C:\Users\RodgerTucker\alpaca-bot\.env,DIRECT_SCANNER,direct_scanner_unknown,direct_scanner_closed_order,KLAR,sell,47,0,,,2026-05-14 15:33:56.498785+00:00,canceled,stop,bracket,day,a1a1ce72-29f8-4961-adfc-063c9d64fe1c,0c15ff4f-9173-4b17-be15-a4a718c88f21
2026-05-16 21:21:09,C:\Users\RodgerTucker\alpaca-bot\.env,DIRECT_SCANNER,direct_scanner_unknown,direct_scanner_closed_order,RDW,sell,54,0,,,2026-05-14 15:33:56.416065+00:00,canceled,limit,bracket,day,1ae3bd6e-6b34-435b-b128-588ec86c1406,ebf510b5-1524-4d1d-a73d-ca7b78e6b256
2026-05-16 21:21:09,C:\Users\RodgerTucker\alpaca-bot\.env,DIRECT_SCANNER,direct_scanner_unknown,direct_scanner_closed_order,ONDS,buy,69,69,10.71,2026-05-14 15:33:59.070672+00:00,2026-05-14 15:33:55.981299+00:00,filled,market,bracket,day,98b27e89-a805-410b-bf77-0e8d5c906745,2f5255fe-51e9-4bfb-b02e-731cf073e2d7
2026-05-16 21:21:09,C:\Users\RodgerTucker\alpaca-bot\.env,DIRECT_SCANNER,direct_scanner_unknown,direct_scanner_closed_order,ONDS,sell,69,0,,,2026-05-14 15:33:55.975502+00:00,canceled,stop,bracket,day,31d792d3-08ca-4a59-9012-e3ae407f4379,a9efe8b8-6897-42ce-abcb-defcefdeca9b
2026-05-16 21:21:09,C:\Users\RodgerTucker\alpaca-bot\.env,DIRECT_SCANNER,direct_scanner_unknown,direct_scanner_closed_order,RDW,buy,54,54,13.83,2026-05-14 15:33:56.394312+00:00,2026-05-14 15:33:55.473274+00:00,filled,market,bracket,day,27919e85-2be4-47af-8f4a-344d5cdc4182,da5523c2-bc5b-4632-8b3a-6c4e62e22fdb
2026-05-16 21:21:09,C:\Users\RodgerTucker\alpaca-bot\.env,DIRECT_SCANNER,direct_scanner_unknown,direct_scanner_closed_order,RDW,sell,54,0,,,2026-05-14 15:33:55.461271+00:00,canceled,stop,bracket,day,e28f10f0-f289-4ac9-911d-1a3ddf6770d4,e6a84e7d-faa9-48a1-9589-f7478dae9245
2026-05-16 21:21:09,C:\Users\RodgerTucker\alpaca-bot\.env,DIRECT_SCANNER,direct_scanner_unknown,direct_scanner_closed_order,RDW,sell,9,9,10.99,2026-05-08 19:34:23.859159+00:00,2026-05-08 19:34:21.988967+00:00,filled,market,simple,day,e1163bfc-d488-4704-8de2-7a448e93f2ca,a75ebfe4-4dc1-442c-bc7d-0abfe95c530b
2026-05-16 21:21:09,C:\Users\RodgerTucker\alpaca-bot\.env,DIRECT_SCANNER,direct_scanner_unknown,direct_scanner_closed_order,POET,sell,8,8,10.77,2026-05-08 19:34:22.284491+00:00,2026-05-08 19:34:21.933725+00:00,filled,market,simple,day,4d6071a4-8eb2-40f2-9ba1-79dbc811c03a,2789fc9b-77ee-4606-9434-57aef40dc22b
2026-05-16 21:21:09,C:\Users\RodgerTucker\alpaca-bot\.env,DIRECT_SCANNER,direct_scanner_unknown,direct_scanner_closed_order,CALY,sell,5,5,17.27,2026-05-08 19:34:22.858183+00:00,2026-05-08 19:34:21.886448+00:00,filled,market,simple,day,57347fee-64ab-4e0e-a4e4-88f70cb218eb,bbf28f0f-e000-4311-95fa-5a8b7784d29b
2026-05-16 21:21:09,C:\Users\RodgerTucker\alpaca-bot\.env,DIRECT_SCANNER,direct_scanner_unknown,direct_scanner_closed_order,CALY,sell,5,0,,,2026-05-08 18:54:05.137487+00:00,canceled,limit,bracket,day,952cbb9a-185d-4833-9234-ffe99110cfb8,bccd3cea-b385-4ff3-a4fb-23c522c4beb4
2026-05-16 21:21:09,C:\Users\RodgerTucker\alpaca-bot\.env,DIRECT_SCANNER,direct_scanner_unknown,direct_scanner_closed_order,CALY,buy,5,5,17.42,2026-05-08 18:54:05.116103+00:00,2026-05-08 18:54:04.650451+00:00,filled,market,bracket,day,f41a0c53-1c23-4613-97fa-3ecfd2b3512a,1cb4327b-4091-4f9d-b9a0-6c2e14ff1130
2026-05-16 21:21:09,C:\Users\RodgerTucker\alpaca-bot\.env,DIRECT_SCANNER,direct_scanner_unknown,direct_scanner_closed_order,CALY,sell,5,0,,,2026-05-08 18:54:04.644367+00:00,canceled,stop,bracket,day,bdf6dc33-b33d-4dfd-a178-3238ebf13a61,acc72cca-bc7f-4021-8049-cb5eedae5882
2026-05-16 21:21:09,C:\Users\RodgerTucker\alpaca-bot\.env,DIRECT_SCANNER,direct_scanner_unknown,direct_scanner_closed_order,RDW,sell,9,0,,,2026-05-08 15:36:02.591039+00:00,canceled,limit,bracket,day,4094b51b-f301-4f4d-b263-f74e5abad1eb,5b8607cd-b005-481d-b57f-5e35eff3f6a7
2026-05-16 21:21:09,C:\Users\RodgerTucker\alpaca-bot\.env,DIRECT_SCANNER,direct_scanner_unknown,direct_scanner_closed_order,POET,sell,8,0,,,2026-05-08 15:36:01.830220+00:00,canceled,limit,bracket,day,7925e9f1-245e-453c-a0f4-c7ea38d352a2,f77a5105-ba27-4fcf-a034-05f26d83b6e1
2026-05-16 21:21:09,C:\Users\RodgerTucker\alpaca-bot\.env,DIRECT_SCANNER,direct_scanner_unknown,direct_scanner_closed_order,RDW,buy,9,9,10.804444,2026-05-08 15:36:02.576996+00:00,2026-05-08 15:36:01.405465+00:00,filled,market,bracket,day,d2503e71-8672-4850-8939-546690b0d35f,65672e1d-1bbb-4174-9419-df5ce9e5ba6c
2026-05-16 21:21:09,C:\Users\RodgerTucker\alpaca-bot\.env,DIRECT_SCANNER,direct_scanner_unknown,direct_scanner_closed_order,RDW,sell,9,0,,,2026-05-08 15:36:01.384115+00:00,canceled,stop,bracket,day,954cd44f-eb33-4631-bced-9c80611210f0,5613b257-3cd5-4fb0-b2fd-00e4eef07342
2026-05-16 21:21:09,C:\Users\RodgerTucker\alpaca-bot\.env,DIRECT_SCANNER,direct_scanner_unknown,direct_scanner_closed_order,POET,buy,8,8,11.25,2026-05-08 15:36:01.808815+00:00,2026-05-08 15:36:00.787936+00:00,filled,market,bracket,day,be8e1d03-ef55-42b4-9078-1d77eadae662,e9df3815-325e-41f9-970a-09c682924617
2026-05-16 21:21:09,C:\Users\RodgerTucker\alpaca-bot\.env,DIRECT_SCANNER,direct_scanner_unknown,direct_scanner_closed_order,POET,sell,8,0,,,2026-05-08 15:36:00.743178+00:00,canceled,stop,bracket,day,a59a4578-14e7-43e6-b415-5d32d7a26d8e,bb007f6c-b2f1-4dc5-aef5-4a7ac72ae4e8
2026-05-16 21:21:09,C:\Users\RodgerTucker\alpaca-bot\.env,DIRECT_SCANNER,direct_scanner_unknown,direct_scanner_closed_order,FSM,buy,9,0,,,2026-05-07 19:51:11.276471+00:00,canceled,trailing_stop,simple,day,ff820388-38dc-40a1-b4ed-8eeb7c6884be,2ee2eee3-4d61-4083-bc2a-a6f85454ac50
2026-05-16 21:21:09,C:\Users\RodgerTucker\alpaca-bot\.env,DIRECT_SCANNER,direct_scanner_unknown,direct_scanner_closed_order,OKLO,buy,1,0,,,2026-05-06 19:49:11.953959+00:00,canceled,trailing_stop,simple,day,41b17fa2-a0ac-4045-bf1f-6bac11747516,ea4c901b-75f1-43c8-87a9-df0be79a7887
2026-05-16 21:21:09,C:\Users\RodgerTucker\alpaca-bot\.env,DIRECT_SCANNER,direct_scanner_unknown,direct_scanner_closed_order,SBSW,buy,7,0,,,2026-05-06 19:46:29.989662+00:00,canceled,trailing_stop,simple,day,8df112b3-fcec-47d9-8337-5412aba4bc91,3b2ed501-3d1a-4adf-84fa-cdd6eef10a70
2026-05-16 21:21:09,C:\Users\RodgerTucker\alpaca-bot\.env,DIRECT_SCANNER,direct_scanner_unknown,direct_scanner_closed_order,SMCI,buy,2,0,,,2026-05-06 19:46:29.325414+00:00,canceled,trailing_stop,simple,day,c7247a94-a4a0-4e0e-ab35-b09eb96ce74c,757a1788-5823-4e72-9df2-8b8b4c208553
2026-05-16 21:21:09,C:\Users\RodgerTucker\alpaca-bot\.env,DIRECT_SCANNER,direct_scanner_unknown,direct_scanner_closed_order,AAPL,sell,397,397,281.69,2026-05-06 13:30:09.849642+00:00,2026-05-06 08:01:02.509356+00:00,filled,market,simple,day,ae7ffe57-af67-49ba-a1e5-be97528ca4ed,f901664d-219f-4c1a-b438-7195171727b1
2026-05-16 21:21:09,C:\Users\RodgerTucker\alpaca-bot\.env,DIRECT_SCANNER,direct_scanner_unknown,direct_scanner_closed_order,SPY,sell,111,111,728.72,2026-05-06 13:32:13.496395+00:00,2026-05-06 08:01:02.505646+00:00,filled,market,simple,day,353ea30f-0f7c-448b-a9a8-826892fef3e9,c8787ae2-ee61-469b-969f-6ed7167138ab
2026-05-16 21:21:09,C:\Users\RodgerTucker\alpaca-bot\.env,DIRECT_SCANNER,direct_scanner_unknown,direct_scanner_closed_order,NAT,sell,83,83,5.75,2026-05-06 13:30:14.585880+00:00,2026-05-06 08:01:02.502002+00:00,filled,market,simple,day,30e3e620-812a-4368-b591-56a148663419,1c414866-5ca7-4f21-bc11-57b6b9d2742c
2026-05-16 21:21:09,C:\Users\RodgerTucker\alpaca-bot\.env,DIRECT_SCANNER,direct_scanner_unknown,direct_scanner_closed_order,AVGO,sell,1,1,435.54,2026-05-06 13:30:08.870946+00:00,2026-05-06 08:01:02.486293+00:00,filled,market,simple,day,b71a07b7-dc46-4882-8447-0d7e1aa868f2,8c72b3ae-f845-4425-8c3f-69d45c6597aa
2026-05-16 21:21:09,C:\Users\RodgerTucker\alpaca-bot\.env,DIRECT_SCANNER,direct_scanner_unknown,direct_scanner_closed_order,SPY,sell,111,0,,,2026-05-05 20:57:27.786305+00:00,canceled,market,simple,day,b8703a20-4334-4f2c-bbc1-e1ff0bbdfefc,6b946291-e403-49ef-978c-1bc99e509a7f
2026-05-16 21:21:09,C:\Users\RodgerTucker\alpaca-bot\.env,DIRECT_SCANNER,direct_scanner_unknown,direct_scanner_closed_order,NAT,sell,83,0,,,2026-05-05 20:57:27.744001+00:00,canceled,market,simple,day,c242a7a3-2ec4-4ba3-888b-cee103cd8d0e,b5df5a41-93a6-411a-bd80-d235aec49394
2026-05-16 21:21:09,C:\Users\RodgerTucker\alpaca-bot\.env,DIRECT_SCANNER,direct_scanner_unknown,direct_scanner_closed_order,AVGO,sell,1,0,,,2026-05-05 20:57:27.703050+00:00,canceled,market,simple,day,1623fa07-5b81-4bbd-8023-bcd442d7fc06,ddb9d917-59d3-4069-afd2-e4a0bec33bd3
2026-05-16 21:21:09,C:\Users\RodgerTucker\alpaca-bot\.env,DIRECT_SCANNER,direct_scanner_unknown,direct_scanner_closed_order,AAPL,sell,397,0,,,2026-05-05 20:57:27.659776+00:00,canceled,market,simple,day,9cbc7674-1d34-4246-92ab-0f16fe59ac7e,992088ae-334b-4a63-845c-40cf4a686cd2
2026-05-16 21:21:09,C:\Users\RodgerTucker\alpaca-bot\.env,DIRECT_SCANNER,direct_scanner_unknown,direct_scanner_closed_order,SPY,sell,111,0,,,2026-05-05 20:52:24.041936+00:00,canceled,market,simple,day,968fc27f-b385-4022-968f-ddbd878f3333,6fa3b85c-d8e3-49f9-9069-5c26f30ffcf7
2026-05-16 21:21:09,C:\Users\RodgerTucker\alpaca-bot\.env,DIRECT_SCANNER,direct_scanner_unknown,direct_scanner_closed_order,NAT,sell,83,0,,,2026-05-05 20:52:23.997805+00:00,canceled,market,simple,day,e5ce6b52-53c0-4200-a04e-d12ed32bcb98,6b174f41-25bb-4214-b187-21516aaca8d2
2026-05-16 21:21:09,C:\Users\RodgerTucker\alpaca-bot\.env,DIRECT_SCANNER,direct_scanner_unknown,direct_scanner_closed_order,AVGO,sell,1,0,,,2026-05-05 20:52:23.956039+00:00,canceled,market,simple,day,7aa19b06-6bf6-4177-82a2-718df035cbcb,02e169c2-2147-4291-ab0b-8739ca0a729c
2026-05-16 21:21:09,C:\Users\RodgerTucker\alpaca-bot\.env,DIRECT_SCANNER,direct_scanner_unknown,direct_scanner_closed_order,AAPL,sell,397,0,,,2026-05-05 20:52:23.913466+00:00,canceled,market,simple,day,25573246-72e6-4514-bab6-6bf1a90b48fa,cfc765e6-f5e4-42e2-a608-e999b6865741
2026-05-16 21:21:09,C:\Users\RodgerTucker\alpaca-bot\.env,DIRECT_SCANNER,direct_scanner_unknown,direct_scanner_closed_order,SPY,sell,111,0,,,2026-05-05 20:47:20.340106+00:00,canceled,market,simple,day,15b14697-b4f8-424e-9082-ffc1e3710d7f,31a2370c-4049-4e84-b092-bf492a48a486
2026-05-16 21:21:09,C:\Users\RodgerTucker\alpaca-bot\.env,DIRECT_SCANNER,direct_scanner_unknown,direct_scanner_closed_order,NAT,sell,83,0,,,2026-05-05 20:47:20.297828+00:00,canceled,market,simple,day,b140171a-e8cb-44e7-9383-4afa3de857bf,e3e186c6-4fd0-4be0-bf19-620f4197ef25
2026-05-16 21:21:09,C:\Users\RodgerTucker\alpaca-bot\.env,DIRECT_SCANNER,direct_scanner_unknown,direct_scanner_closed_order,AVGO,sell,1,0,,,2026-05-05 20:47:20.254895+00:00,canceled,market,simple,day,1742a58e-5510-4ee9-91bc-5e968f36bca9,124b6434-ab5f-4cb0-a8e9-117b8063f0d7
2026-05-16 21:21:09,C:\Users\RodgerTucker\alpaca-bot\.env,DIRECT_SCANNER,direct_scanner_unknown,direct_scanner_closed_order,AAPL,sell,397,0,,,2026-05-05 20:47:20.213447+00:00,canceled,market,simple,day,c779807d-7221-4865-903e-7afca9cc520a,7eded601-52b5-4b93-8099-86b86de1cb16
2026-05-16 21:21:09,C:\Users\RodgerTucker\alpaca-bot\.env,DIRECT_SCANNER,direct_scanner_unknown,direct_scanner_closed_order,AVGO,sell,1,0,,,2026-05-05 20:41:50.855832+00:00,canceled,market,simple,day,7d42232a-ac39-46c9-ad81-ff034f6cda4a,33f4287d-7a1d-475d-af6e-1b4d59452ba2
2026-05-16 21:21:09,C:\Users\RodgerTucker\alpaca-bot\.env,DIRECT_SCANNER,direct_scanner_unknown,direct_scanner_closed_order,NAT,sell,83,0,,,2026-05-05 20:41:49.141687+00:00,canceled,market,simple,day,bc70ae2b-adca-4cb4-a657-1790c2bc6456,f52dd2b1-3ea2-485a-9e70-3d3b18cef2d7
2026-05-16 21:21:09,C:\Users\RodgerTucker\alpaca-bot\.env,DIRECT_SCANNER,direct_scanner_unknown,direct_scanner_closed_order,SPY,sell,111,0,,,2026-05-05 20:41:47.143525+00:00,canceled,market,simple,day,107668c4-d00a-4743-b4e8-cb373d4a30b7,4538997e-8c28-46dd-bb7f-776d3d7c5145
2026-05-16 21:21:09,C:\Users\RodgerTucker\alpaca-bot\.env,DIRECT_SCANNER,direct_scanner_unknown,direct_scanner_closed_order,AAPL,sell,397,0,,,2026-05-05 20:41:44.308618+00:00,canceled,market,simple,day,77e45d46-ad63-4176-92ba-dead5b9c273f,ef403e3f-7835-48a6-8582-65be371c0fd4
2026-05-16 21:21:09,C:\Users\RodgerTucker\alpaca-bot\.env,DIRECT_SCANNER,direct_scanner_unknown,direct_scanner_closed_order,AAPL,sell,397,0,,,2026-05-05 20:41:39.268045+00:00,canceled,market,simple,day,7343391e-8826-400e-9bbb-57233b1b4610,f5a3c9b1-38b7-41a8-9888-c63fd0b61378
2026-05-16 21:21:09,C:\Users\RodgerTucker\alpaca-bot\.env,DIRECT_SCANNER,direct_scanner_unknown,direct_scanner_closed_order,SPY,sell,111,0,,,2026-05-05 20:38:24.539177+00:00,canceled,market,simple,day,3e8c2032-b307-4f49-b982-052fcbac38dc,6097a583-dc39-4a2a-87ec-302869869cc0
2026-05-16 21:21:09,C:\Users\RodgerTucker\alpaca-bot\.env,DIRECT_SCANNER,direct_scanner_unknown,direct_scanner_closed_order,NAT,sell,83,0,,,2026-05-05 20:38:24.492387+00:00,canceled,market,simple,day,aad09b98-871a-4568-87fa-f697604dacae,94ae8fd7-4268-47cc-858e-59afe81f4e07
2026-05-16 21:21:09,C:\Users\RodgerTucker\alpaca-bot\.env,DIRECT_SCANNER,direct_scanner_unknown,direct_scanner_closed_order,AVGO,sell,1,0,,,2026-05-05 20:38:24.439173+00:00,canceled,market,simple,day,bacc17d5-9d0d-4538-983d-4b762d7f922b,8a428af4-6bef-4d41-bcaa-41270023e5a6
2026-05-16 21:21:09,C:\Users\RodgerTucker\alpaca-bot\.env,DIRECT_SCANNER,direct_scanner_unknown,direct_scanner_closed_order,AAPL,sell,397,0,,,2026-05-05 20:38:24.390579+00:00,canceled,market,simple,day,ea076958-f5bd-44f5-a11d-004c4098a75e,49004e21-f87e-4b2a-92fa-de4c0436ba2c
2026-05-16 21:21:09,C:\Users\RodgerTucker\alpaca-bot\.env,DIRECT_SCANNER,direct_scanner_unknown,direct_scanner_closed_order,SPY,sell,111,0,,,2026-05-05 20:37:38.898630+00:00,canceled,market,simple,day,6a80bdc3-1b2e-4c1b-a560-3f8c01732722,87bd7c5d-69b2-415b-87e2-96d3b01cbaeb
2026-05-16 21:21:09,C:\Users\RodgerTucker\alpaca-bot\.env,DIRECT_SCANNER,direct_scanner_unknown,direct_scanner_closed_order,NAT,sell,83,0,,,2026-05-05 20:37:38.856362+00:00,canceled,market,simple,day,b019e111-4ae4-47a1-9275-6a57aae2a39a,96cac690-e362-4f46-b9d7-3394accaec92
2026-05-16 21:21:09,C:\Users\RodgerTucker\alpaca-bot\.env,DIRECT_SCANNER,direct_scanner_unknown,direct_scanner_closed_order,AVGO,sell,1,0,,,2026-05-05 20:37:38.814338+00:00,canceled,market,simple,day,59152463-3543-46e3-a03a-720480930072,db5595c3-a800-43be-81d3-95a89dfc51a7
2026-05-16 21:21:09,C:\Users\RodgerTucker\alpaca-bot\.env,DIRECT_SCANNER,direct_scanner_unknown,direct_scanner_closed_order,AAPL,sell,397,0,,,2026-05-05 20:37:38.756383+00:00,canceled,market,simple,day,b7fe7dab-831d-4b99-89ad-8cad8cf53024,2329b64c-44f0-451f-b701-5c6b65ad367b
2026-05-16 21:21:09,C:\Users\RodgerTucker\alpaca-bot\.env,DIRECT_SCANNER,direct_scanner_unknown,direct_scanner_closed_order,NAT,sell,83,0,,,2026-05-05 20:30:58.051512+00:00,canceled,market,simple,day,a0452e28-2bb5-47f8-8490-fe2299b2ff6d,9e53a372-5692-4c2c-ab14-0cb31d8d60d4
2026-05-16 21:21:09,C:\Users\RodgerTucker\alpaca-bot\.env,DIRECT_SCANNER,direct_scanner_unknown,direct_scanner_closed_order,AVGO,sell,1,0,,,2026-05-05 20:30:58.004136+00:00,canceled,market,simple,day,1dc56301-0105-4fa5-91a3-ca22c883160a,6ad3e47f-3e33-43a0-bcfe-5ba88d79c4f1
2026-05-16 21:21:09,C:\Users\RodgerTucker\alpaca-bot\.env,DIRECT_SCANNER,direct_scanner_unknown,direct_scanner_closed_order,AAPL,sell,397,0,,,2026-05-05 20:30:57.954459+00:00,canceled,market,simple,day,f2f7286a-5557-4744-8828-10b195b55431,a6af3ab1-64bb-4ff3-8b15-5eab5fa6564c
2026-05-16 21:21:09,C:\Users\RodgerTucker\alpaca-bot\.env,DIRECT_SCANNER,direct_scanner_unknown,direct_scanner_closed_order,SPY,sell,111,0,,,2026-05-05 20:24:08.848726+00:00,canceled,market,simple,day,51e58aaf-1008-4161-a68c-53e2f706696e,653473a4-2ce3-4838-ba1d-0271baa49abd
2026-05-16 21:21:09,C:\Users\RodgerTucker\alpaca-bot\.env,DIRECT_SCANNER,direct_scanner_unknown,direct_scanner_closed_order,NAT,sell,83,0,,,2026-05-05 20:24:08.766167+00:00,canceled,market,simple,day,7e55fb4e-eb83-43e0-a55d-95add36cd5a2,4428cf32-4cc4-4440-977a-22fa9565e079
2026-05-16 21:21:09,C:\Users\RodgerTucker\alpaca-bot\.env,DIRECT_SCANNER,direct_scanner_unknown,direct_scanner_closed_order,AVGO,sell,1,0,,,2026-05-05 20:24:08.683963+00:00,canceled,market,simple,day,89cab30b-6039-4e83-8a78-1c98cbfe5625,66137f19-b855-494b-994f-309a001d7857
2026-05-16 21:21:09,C:\Users\RodgerTucker\alpaca-bot\.env,DIRECT_SCANNER,direct_scanner_unknown,direct_scanner_closed_order,AAPL,sell,397,0,,,2026-05-05 20:24:08.604165+00:00,canceled,market,simple,day,dfa828bb-74bc-4b08-8626-6ad6f5ac1c8a,a345a596-e748-4671-bf26-8c7f93b8e4b3
2026-05-16 21:21:09,C:\Users\RodgerTucker\alpaca-bot\.env,DIRECT_SCANNER,direct_scanner_unknown,direct_scanner_closed_order,SPY,sell,111,0,,,2026-05-05 20:19:49.610407+00:00,canceled,market,simple,day,2b4aa002-e892-4b1b-907f-5a7a4baf6843,4d044cf0-1b92-449d-9311-3390a05c19e8
2026-05-16 21:21:09,C:\Users\RodgerTucker\alpaca-bot\.env,DIRECT_SCANNER,direct_scanner_unknown,direct_scanner_closed_order,NAT,sell,83,0,,,2026-05-05 20:19:49.567809+00:00,canceled,market,simple,day,b1a8e96c-8f9f-48b6-b53b-0a8579200ec3,dfb86151-b2a7-4cb0-b400-50012c5b842d
2026-05-16 21:21:09,C:\Users\RodgerTucker\alpaca-bot\.env,DIRECT_SCANNER,direct_scanner_unknown,direct_scanner_closed_order,AVGO,sell,1,0,,,2026-05-05 20:19:49.525282+00:00,canceled,market,simple,day,e997e196-d7ff-4886-9c23-2e84b5eecefd,ce21c8f9-b26a-4605-8396-0a762533ab07
2026-05-16 21:21:09,C:\Users\RodgerTucker\alpaca-bot\.env,DIRECT_SCANNER,direct_scanner_unknown,direct_scanner_closed_order,AAPL,sell,397,0,,,2026-05-05 20:19:49.482712+00:00,canceled,market,simple,day,7c88d047-30cb-481a-a5bc-0be4deb84b57,270e74f9-1638-4a9f-a60d-fe2a423294f8
2026-05-16 21:21:09,C:\Users\RodgerTucker\alpaca-bot\.env,DIRECT_SCANNER,direct_scanner_unknown,direct_scanner_closed_order,NAT,sell,83,0,,,2026-05-05 18:57:11.724582+00:00,expired,limit,bracket,day,fe9e8602-4145-4a9c-b093-1ca2bc531396,6f18f8dc-2c8d-4aca-afba-9dd90779b959
2026-05-16 21:21:09,C:\Users\RodgerTucker\alpaca-bot\.env,DIRECT_SCANNER,direct_scanner_unknown,direct_scanner_closed_order,AVGO,sell,1,0,,,2026-05-05 18:57:11.720786+00:00,expired,limit,bracket,day,aad79022-1167-46cd-95f5-4675a18c9760,82730ca6-8b4f-49ef-b82f-bc2c57d573bd
2026-05-16 21:21:09,C:\Users\RodgerTucker\alpaca-bot\.env,DIRECT_SCANNER,direct_scanner_unknown,direct_scanner_closed_order,AVGO,buy,1,1,431.36,2026-05-05 18:57:11.694267+00:00,2026-05-05 18:57:10.732601+00:00,filled,market,bracket,day,d0f50e8d-e55e-468a-84f2-40f77a783037,7ffc1f73-654d-41e7-8187-e491e389cc68
2026-05-16 21:21:09,C:\Users\RodgerTucker\alpaca-bot\.env,DIRECT_SCANNER,direct_scanner_unknown,direct_scanner_closed_order,AVGO,sell,1,0,,,2026-05-05 18:57:10.723774+00:00,canceled,stop,bracket,day,dcec59cc-dadf-4977-ad58-ade31b30332c,bcae2487-58b7-4dae-8f9f-a1c606bc33b8
2026-05-16 21:21:09,C:\Users\RodgerTucker\alpaca-bot\.env,DIRECT_SCANNER,direct_scanner_unknown,direct_scanner_closed_order,NAT,buy,83,83,6,2026-05-05 18:57:11.696983+00:00,2026-05-05 18:57:10.442591+00:00,filled,market,bracket,day,78988121-1e7a-4f32-9b81-3481486769b2,6f14f301-d6fe-4988-b545-370fc6acf0bc
2026-05-16 21:21:09,C:\Users\RodgerTucker\alpaca-bot\.env,DIRECT_SCANNER,direct_scanner_unknown,direct_scanner_closed_order,NAT,sell,83,0,,,2026-05-05 18:57:10.413325+00:00,canceled,stop,bracket,day,3488c816-9b9b-4358-8dda-51efca218bc4,6410381d-fc85-40b5-9b7e-64846bdfa1ad
2026-05-16 21:21:09,C:\Users\RodgerTucker\alpaca-bot\.env,DIRECT_SCANNER,direct_scanner_unknown,direct_scanner_closed_order,AAPL,sell,185,0,,,2026-05-05 17:58:52.600353+00:00,expired,limit,bracket,day,beb3a640-0644-42fc-bbbb-8038bfeee36c,2df6b2ec-272e-4e4c-85f2-1865c6741b3f
2026-05-16 21:21:09,C:\Users\RodgerTucker\alpaca-bot\.env,DIRECT_SCANNER,direct_scanner_unknown,direct_scanner_closed_order,AAPL,buy,185,185,283.25,2026-05-05 17:58:52.592550+00:00,2026-05-05 17:58:51.650340+00:00,filled,market,bracket,day,bc9af896-e429-4d50-93e0-46da4cbb3875,51d9314e-fdf9-4f2d-92f6-39a636c2b3f3
2026-05-16 21:21:09,C:\Users\RodgerTucker\alpaca-bot\.env,DIRECT_SCANNER,direct_scanner_unknown,direct_scanner_closed_order,AAPL,sell,185,0,,,2026-05-05 17:58:51.644110+00:00,canceled,stop,bracket,day,29af1b6b-3ebd-403c-90ac-834ab71658d5,25be5170-d0ba-4592-a8eb-cba1787cdf23
2026-05-16 21:21:09,C:\Users\RodgerTucker\alpaca-bot\.env,DIRECT_SCANNER,direct_scanner_unknown,direct_scanner_closed_order,SPY,sell,111,0,,,2026-05-05 17:43:37.997625+00:00,expired,limit,bracket,day,16f8f2c2-31f5-43a2-9704-3b8d49f1be81,c631dd29-0ee7-43ca-92ae-4188a537c05c
2026-05-16 21:21:09,C:\Users\RodgerTucker\alpaca-bot\.env,DIRECT_SCANNER,direct_scanner_unknown,direct_scanner_closed_order,AAPL,sell,212,0,,,2026-05-05 17:43:37.641673+00:00,expired,limit,bracket,day,1ab2da8d-ecf9-43fa-9b02-03deb7c75db4,3b81f30f-a7fe-4d37-9d54-50e71a434bab
2026-05-16 21:21:09,C:\Users\RodgerTucker\alpaca-bot\.env,DIRECT_SCANNER,direct_scanner_unknown,direct_scanner_closed_order,SPY,buy,111,111,723.95,2026-05-05 17:43:37.971982+00:00,2026-05-05 17:43:37.432249+00:00,filled,market,bracket,day,6932d13f-8dc2-48c6-9291-2df810f2584c,75a26bc9-f4f3-40fe-9196-97cb11549888
2026-05-16 21:21:09,C:\Users\RodgerTucker\alpaca-bot\.env,DIRECT_SCANNER,direct_scanner_unknown,direct_scanner_closed_order,SPY,sell,111,0,,,2026-05-05 17:43:37.413898+00:00,canceled,stop,bracket,day,708e0765-d7a8-489a-b2e3-d581449a05ac,531363f4-526a-47a6-8a40-6dc431f1ffde
2026-05-16 21:21:09,C:\Users\RodgerTucker\alpaca-bot\.env,DIRECT_SCANNER,direct_scanner_unknown,direct_scanner_closed_order,AAPL,buy,212,212,282.58,2026-05-05 17:43:37.617257+00:00,2026-05-05 17:43:37.036290+00:00,filled,market,bracket,day,5f673ea5-d068-4093-8ae2-36e19933c803,346ace44-db60-474f-ab9a-f89042722b1d
2026-05-16 21:21:09,C:\Users\RodgerTucker\alpaca-bot\.env,DIRECT_SCANNER,direct_scanner_unknown,direct_scanner_closed_order,AAPL,sell,212,0,,,2026-05-05 17:43:37.022462+00:00,canceled,stop,bracket,day,42e4e264-1305-4dde-aaa4-7464552cc2b7,59e28798-9d0c-427f-b330-ddcb6536978d
2026-05-16 21:21:09,C:\Users\RodgerTucker\tradingview-alpaca-bot\.env,TV_WEBHOOK,ha_100ema_doji_v1,tv_ha_100ema_doji_live_v1,TSLA,sell,1,1,426.6,2026-05-15 14:26:29.317023+00:00,2026-05-15 14:26:28.633521+00:00,filled,stop,bracket,day,166990aa-5062-4a7e-bcf1-0621b74f7e58,7ef6ca2b-12e9-496e-877e-cea3afb3f1fb
2026-05-16 21:21:09,C:\Users\RodgerTucker\tradingview-alpaca-bot\.env,TV_WEBHOOK,ha_100ema_doji_v1,tv_ha_100ema_doji_live_v1,TSLA,sell,1,1,426.6,2026-05-15 14:26:29.208179+00:00,2026-05-15 14:26:28.629963+00:00,filled,stop,bracket,day,66522347-7e5c-4151-a4ef-bdcdf2f1ebbb,bf619c3a-be70-46ab-89cf-94cd500556da
2026-05-16 21:21:09,C:\Users\RodgerTucker\tradingview-alpaca-bot\.env,TV_WEBHOOK,ha_100ema_doji_v1,tv_ha_100ema_doji_live_v1,QQQ,sell,1,1,712,2026-05-15 14:18:46.138851+00:00,2026-05-15 14:12:05.043849+00:00,filled,limit,bracket,day,aef62217-d9dc-458d-8c05-3d9793087b11,d95ee135-2a1a-4712-a2ca-d386f70b18f2
2026-05-16 21:21:09,C:\Users\RodgerTucker\tradingview-alpaca-bot\.env,TV_WEBHOOK,ha_100ema_doji_v1,tv_ha_100ema_doji_live_v1,QQQ,buy,1,1,709.08,2026-05-15 14:12:05.028749+00:00,2026-05-15 14:12:04.397436+00:00,filled,market,bracket,day,30d9064c-d028-4c9b-9753-3b4c55588b6b,4e4268f9-4a8f-4145-b709-04eecd05daab
2026-05-16 21:21:09,C:\Users\RodgerTucker\tradingview-alpaca-bot\.env,TV_WEBHOOK,ha_100ema_doji_v1,tv_ha_100ema_doji_live_v1,QQQ,sell,1,0,,,2026-05-15 14:12:04.380879+00:00,canceled,stop,bracket,day,5be3d15a-f764-4c9b-bb7a-1dfd8ab228db,1a2f398b-3e28-44e4-b34f-e3be71681a29
2026-05-16 21:21:09,C:\Users\RodgerTucker\tradingview-alpaca-bot\.env,TV_WEBHOOK,ha_100ema_doji_v1,tv_ha_100ema_doji_live_v1,TSLA,sell,1,0,,,2026-05-15 14:12:03.930057+00:00,canceled,limit,bracket,day,2dd234ab-0825-403d-bc46-8d79126caa0b,6f15964c-0a2c-4b75-9c4c-9208011fd778
2026-05-16 21:21:09,C:\Users\RodgerTucker\tradingview-alpaca-bot\.env,TV_WEBHOOK,ha_100ema_doji_v1,tv_ha_100ema_doji_live_v1,TSLA,sell,1,0,,,2026-05-15 14:12:03.761702+00:00,canceled,limit,bracket,day,f06cbd77-7961-43de-840b-6d73f3ec50a5,7e013c71-1a60-4411-b7a7-d32b39dffd2b
2026-05-16 21:21:09,C:\Users\RodgerTucker\tradingview-alpaca-bot\.env,TV_WEBHOOK,ha_100ema_doji_v1,tv_ha_100ema_doji_live_v1,TSLA,buy,1,1,428.19,2026-05-15 14:12:03.752634+00:00,2026-05-15 14:12:03.402429+00:00,filled,market,bracket,day,a663ce83-541f-420e-a582-88c3e6f36a75,3a6da956-80f2-48bb-8046-9d439ce3e9a1
2026-05-16 21:21:09,C:\Users\RodgerTucker\tradingview-alpaca-bot\.env,TV_WEBHOOK,ha_100ema_doji_v1,tv_ha_100ema_doji_live_v1,TSLA,buy,1,1,428.19,2026-05-15 14:12:03.922367+00:00,2026-05-15 14:12:03.262349+00:00,filled,market,bracket,day,85b673a7-38ba-4ab5-b387-916dd785d7b2,c7a2a920-b162-4acd-997b-cd164480279b
2026-05-16 21:21:09,C:\Users\RodgerTucker\tradingview-alpaca-bot\.env,TV_WEBHOOK,ha_100ema_doji_v1,tv_ha_100ema_doji_live_v1,TSLA,sell,1,1,426.36,2026-05-15 13:59:07.649150+00:00,2026-05-15 13:59:07.137676+00:00,filled,stop,bracket,day,1602e4ae-eda5-446f-a7d5-c92214a93f0f,54d254ca-636d-475a-804f-8047b7384216
2026-05-16 21:21:09,C:\Users\RodgerTucker\tradingview-alpaca-bot\.env,TV_WEBHOOK,ha_100ema_doji_v1,tv_ha_100ema_doji_live_v1,AMD,sell,1,1,431,2026-05-15 13:57:12.958235+00:00,2026-05-15 13:57:12.343279+00:00,filled,stop,bracket,day,912e105b-1a32-4258-b5bf-4cc604fb5bb2,4e13db2c-8312-40a3-9f9b-51fa929090d0
2026-05-16 21:21:09,C:\Users\RodgerTucker\tradingview-alpaca-bot\.env,TV_WEBHOOK,ha_100ema_doji_v1,tv_ha_100ema_doji_live_v1,AMD,sell,1,0,,,2026-05-15 13:55:31.387827+00:00,canceled,limit,bracket,day,d8a4140c-4f68-44b7-b51d-6a16322542fc,be8fae4f-98f1-44df-8293-849e75ab11d1
2026-05-16 21:21:09,C:\Users\RodgerTucker\tradingview-alpaca-bot\.env,TV_WEBHOOK,ha_100ema_doji_v1,tv_ha_100ema_doji_live_v1,AMD,buy,1,1,433.6,2026-05-15 13:55:31.366203+00:00,2026-05-15 13:55:30.927038+00:00,filled,market,bracket,day,35fdaf4c-af6b-4089-bc7f-662bf3da345a,417170e1-7170-4450-a0e3-f9d124051b93
2026-05-16 21:21:09,C:\Users\RodgerTucker\tradingview-alpaca-bot\.env,TV_WEBHOOK,ha_100ema_doji_v1,tv_ha_100ema_doji_live_v1,TSLA,sell,1,0,,,2026-05-15 13:53:02.247554+00:00,canceled,limit,bracket,day,5c0742ac-3c77-4835-990f-771b508f732d,98db2847-3848-4b7d-947a-115eb6d92626
2026-05-16 21:21:09,C:\Users\RodgerTucker\tradingview-alpaca-bot\.env,TV_WEBHOOK,ha_100ema_doji_v1,tv_ha_100ema_doji_live_v1,TSLA,buy,1,1,428.03,2026-05-15 13:53:02.235673+00:00,2026-05-15 13:53:01.465227+00:00,filled,market,bracket,day,4707b5ab-7cdd-4d04-a1d2-63b8e209db25,f7d53bef-57a7-4403-9c70-2b08c897259f
2026-05-16 21:21:09,C:\Users\RodgerTucker\tradingview-alpaca-bot\.env,TV_WEBHOOK,ha_100ema_doji_v1,tv_ha_100ema_doji_live_v1,AMD,sell,1,1,427.42,2026-05-15 13:46:54.486613+00:00,2026-05-15 13:46:53.148969+00:00,filled,stop,bracket,day,521ca2af-3f98-4b00-8ec3-0e89a72f6273,b1bfd957-af33-44f1-b9fd-b0be9fa9d7fb
2026-05-16 21:21:09,C:\Users\RodgerTucker\tradingview-alpaca-bot\.env,TV_WEBHOOK,ha_100ema_doji_v1,tv_ha_100ema_doji_live_v1,AMD,sell,1,0,,,2026-05-15 13:46:07.107742+00:00,canceled,limit,bracket,day,5a1f3efa-2f1e-45a6-9e51-f08b4c861db7,d11efc5c-9fd9-4c68-bc09-463e2b35a4f4
2026-05-16 21:21:09,C:\Users\RodgerTucker\tradingview-alpaca-bot\.env,TV_WEBHOOK,ha_100ema_doji_v1,tv_ha_100ema_doji_live_v1,AMD,buy,1,1,429.14,2026-05-15 13:46:06.678454+00:00,2026-05-15 13:46:05.881304+00:00,filled,market,bracket,day,52076159-bd5f-4fb3-a5f9-3b266f127ab0,4ebe4c39-be74-4c3d-96f8-6697231e6797
2026-05-16 21:21:09,C:\Users\RodgerTucker\tradingview-alpaca-bot\.env,TV_WEBHOOK,ha_100ema_doji_v1,tv_ha_100ema_doji_live_v1,AMD,sell,1,1,446.87,2026-05-14 17:49:07.112440+00:00,2026-05-14 17:30:11.180142+00:00,filled,limit,bracket,day,14c093e4-a5ae-4521-982a-a7fbc6b6b91c,7b162411-a92d-4f12-ae64-529fba5c9944
2026-05-16 21:21:09,C:\Users\RodgerTucker\tradingview-alpaca-bot\.env,TV_WEBHOOK,ha_100ema_doji_v1,tv_ha_100ema_doji_live_v1,AMD,buy,1,1,443.93,2026-05-14 17:30:11.141265+00:00,2026-05-14 17:30:10.424455+00:00,filled,market,bracket,day,973e4b7d-a198-45e2-bb8c-8e3d0bee1c50,fab85b25-8720-4d55-9348-f8c8b78a239e
2026-05-16 21:21:09,C:\Users\RodgerTucker\tradingview-alpaca-bot\.env,TV_WEBHOOK,ha_100ema_doji_v1,tv_ha_100ema_doji_live_v1,AMD,sell,1,0,,,2026-05-14 17:30:10.417431+00:00,canceled,stop,bracket,day,f114a889-e224-4bd4-9c3c-0ec63056d7aa,59d9d76e-dd60-4bf7-a1f4-ae4ac19eac38
2026-05-16 21:21:09,C:\Users\RodgerTucker\tradingview-alpaca-bot\.env,TV_WEBHOOK,ha_100ema_doji_v1,tv_ha_100ema_doji_live_v1,QQQ,sell,1,1,719.84,2026-05-14 17:09:46.559230+00:00,2026-05-14 17:09:45.534110+00:00,filled,stop,bracket,day,cf7482ec-2c75-461f-b8ef-92a80b535b04,8ccf6b4e-6a14-48fb-8d70-459bb9c80e3b
2026-05-16 21:21:09,C:\Users\RodgerTucker\tradingview-alpaca-bot\.env,TV_WEBHOOK,ha_100ema_doji_v1,tv_ha_100ema_doji_live_v1,TSLA,sell,1,1,447.82,2026-05-14 16:40:31.484660+00:00,2026-05-14 16:40:31.240512+00:00,filled,stop,bracket,day,ce048357-1396-4285-97f0-2dbdc8e9794c,9fcd47f7-62e0-437e-b8f1-64c0534e6432
2026-05-16 21:21:09,C:\Users\RodgerTucker\tradingview-alpaca-bot\.env,TV_WEBHOOK,ha_100ema_doji_v1,tv_ha_100ema_doji_live_v1,TSLA,sell,1,0,,,2026-05-14 15:50:03.082876+00:00,canceled,limit,bracket,day,fe823181-58c4-48b8-a5fc-4d0e415a982d,da2e8897-f9be-4752-9007-f5a6590ccab7
2026-05-16 21:21:09,C:\Users\RodgerTucker\tradingview-alpaca-bot\.env,TV_WEBHOOK,ha_100ema_doji_v1,tv_ha_100ema_doji_live_v1,TSLA,buy,1,1,449.22,2026-05-14 15:50:03.075144+00:00,2026-05-14 15:50:02.338326+00:00,filled,market,bracket,day,52f84752-28b6-48ce-9780-4cf6f390a34a,2f12cf6c-8222-4b10-821b-ae9747291321
2026-05-16 21:21:09,C:\Users\RodgerTucker\tradingview-alpaca-bot\.env,TV_WEBHOOK,ha_100ema_doji_v1,tv_ha_100ema_doji_live_v1,QQQ,sell,1,0,,,2026-05-14 15:25:02.529498+00:00,canceled,limit,bracket,day,58aab667-2679-4f42-92c4-050058a4d14a,a770ec67-8696-4782-8c50-af540b51da02
2026-05-16 21:21:09,C:\Users\RodgerTucker\tradingview-alpaca-bot\.env,TV_WEBHOOK,ha_100ema_doji_v1,tv_ha_100ema_doji_live_v1,QQQ,buy,1,1,721.4,2026-05-14 15:25:02.522541+00:00,2026-05-14 15:25:02.191052+00:00,filled,market,bracket,day,cce29020-21d2-4f18-9a31-d3031f5720c6,33476f49-b819-4976-8a89-1059f5cab720
2026-05-16 21:21:09,C:\Users\RodgerTucker\tradingview-alpaca-bot\.env,TV_WEBHOOK,ha_100ema_doji_v1,tv_ha_100ema_doji_live_v1,TSLA,sell,1,1,441.17,2026-05-14 14:29:16.131365+00:00,2026-05-14 14:29:15.781800+00:00,filled,stop,bracket,day,39e09c49-d62a-411a-8fa8-cced2d9b8e2e,a7b9a45d-427a-45e6-883b-ab87751427e2
2026-05-16 21:21:09,C:\Users\RodgerTucker\tradingview-alpaca-bot\.env,TV_WEBHOOK,ha_100ema_doji_v1,tv_ha_100ema_doji_live_v1,AMD,sell,1,1,448.13,2026-05-14 14:35:11.426205+00:00,2026-05-14 14:18:05.228417+00:00,filled,limit,bracket,day,837a8597-c7cf-4e2e-813f-7d1df2ced079,116d0166-2110-40c8-aad4-8774bb42bda8
2026-05-16 21:21:09,C:\Users\RodgerTucker\tradingview-alpaca-bot\.env,TV_WEBHOOK,ha_100ema_doji_v1,tv_ha_100ema_doji_live_v1,AMD,buy,1,1,445.36,2026-05-14 14:18:05.198821+00:00,2026-05-14 14:18:04.222960+00:00,filled,market,bracket,day,8cc1a122-b617-4ff1-bdec-c003f51a0135,d1cca708-e193-4ff0-b79c-60dea723d3c8
2026-05-16 21:21:09,C:\Users\RodgerTucker\tradingview-alpaca-bot\.env,TV_WEBHOOK,ha_100ema_doji_v1,tv_ha_100ema_doji_live_v1,AMD,sell,1,0,,,2026-05-14 14:18:04.211802+00:00,canceled,stop,bracket,day,d9137d8c-cc19-4d8a-b07f-24e3c33bf56b,02a4351b-71de-4bdc-aef0-c0705a45c51e
2026-05-16 21:21:09,C:\Users\RodgerTucker\tradingview-alpaca-bot\.env,TV_WEBHOOK,ha_100ema_doji_v1,tv_ha_100ema_doji_live_v1,TSLA,sell,1,0,,,2026-05-14 14:13:02.935496+00:00,canceled,limit,bracket,day,eef2c47a-5042-4b6f-92fe-18a5dbb7e6f8,e37f07e5-af87-4da0-b841-ac17068d9121
2026-05-16 21:21:09,C:\Users\RodgerTucker\tradingview-alpaca-bot\.env,TV_WEBHOOK,ha_100ema_doji_v1,tv_ha_100ema_doji_live_v1,TSLA,buy,1,1,443.19,2026-05-14 14:13:02.926211+00:00,2026-05-14 14:13:01.895780+00:00,filled,market,bracket,day,fe695cc6-e4a2-4b0a-97e0-022aae6a03d9,5bb1e544-3861-458d-b717-6d492687c522
2026-05-16 21:21:09,C:\Users\RodgerTucker\tradingview-alpaca-bot\.env,TV_WEBHOOK,ha_100ema_doji_v1,tv_ha_100ema_doji_live_v1,QQQ,sell,1,1,720.41,2026-05-14 14:50:23.267987+00:00,2026-05-14 14:01:03.562281+00:00,filled,limit,bracket,day,b6eae67b-e4a9-4ede-bc39-b6369f16dfd3,1b418357-3e1c-4085-88ac-68d8985cf087
2026-05-16 21:21:09,C:\Users\RodgerTucker\tradingview-alpaca-bot\.env,TV_WEBHOOK,ha_100ema_doji_v1,tv_ha_100ema_doji_live_v1,QQQ,buy,1,1,717.53,2026-05-14 14:01:03.528952+00:00,2026-05-14 14:01:03.133866+00:00,filled,market,bracket,day,f9ce3df9-b664-4a07-a8c7-30c7cfcd7ef4,557bed23-0e5d-473c-abf2-683d8d2386c9
2026-05-16 21:21:09,C:\Users\RodgerTucker\tradingview-alpaca-bot\.env,TV_WEBHOOK,ha_100ema_doji_v1,tv_ha_100ema_doji_live_v1,QQQ,sell,1,0,,,2026-05-14 14:01:03.123944+00:00,canceled,stop,bracket,day,250d9931-94e0-49b9-81fc-0f8025a81c6a,e9be3136-5613-4836-9f49-92df5049fbe0
2026-05-16 21:21:09,C:\Users\RodgerTucker\tradingview-alpaca-bot\.env,TV_WEBHOOK,ha_100ema_doji_v1,tv_ha_100ema_doji_live_v1,AMD,sell,1,1,437.58,2026-05-14 13:32:50.548998+00:00,2026-05-14 13:31:15.549439+00:00,filled,stop,bracket,day,f2da4ff9-7300-4884-bb93-ff33cf443793,f02c5983-080b-4d87-b8c7-3b4ef610f13c
2026-05-16 21:21:09,C:\Users\RodgerTucker\tradingview-alpaca-bot\.env,TV_WEBHOOK,ha_100ema_doji_v1,tv_ha_100ema_doji_live_v1,AMD,sell,1,0,,,2026-05-14 13:31:14.848832+00:00,canceled,limit,bracket,day,33637ac3-420c-439a-8641-970c70f96b99,316b2c12-f3db-4ae6-a284-35badae10e17
2026-05-16 21:21:09,C:\Users\RodgerTucker\tradingview-alpaca-bot\.env,TV_WEBHOOK,ha_100ema_doji_v1,tv_ha_100ema_doji_live_v1,AMD,sell,1,1,436.1,2026-05-14 13:33:17.769520+00:00,2026-05-14 13:30:58.044571+00:00,filled,stop,bracket,day,6bbae3bd-3d3c-4e1a-be92-1e49a2f0cffb,fa895cab-cc76-4db7-a8b6-7a8565b632fe
2026-05-16 21:21:09,C:\Users\RodgerTucker\tradingview-alpaca-bot\.env,TV_WEBHOOK,ha_100ema_doji_v1,tv_ha_100ema_doji_live_v1,AMD,sell,1,0,,,2026-05-14 13:30:57.877429+00:00,canceled,limit,bracket,day,d1e1faa7-c259-497b-94ca-d1e600c61b7b,f131ebe2-6079-4a28-b59d-df4fdf062f46
2026-05-16 21:21:09,C:\Users\RodgerTucker\tradingview-alpaca-bot\.env,TV_WEBHOOK,ha_100ema_doji_v1,tv_ha_100ema_doji_live_v1,AMD,sell,1,1,437.31,2026-05-14 13:32:43.753798+00:00,2026-05-14 13:30:51.205241+00:00,filled,stop,bracket,day,1fa5c287-9b61-41f3-8ba0-8b63762cffa4,f3ef82e8-1490-48aa-bd5f-3f0689c4d30c
2026-05-16 21:21:09,C:\Users\RodgerTucker\tradingview-alpaca-bot\.env,TV_WEBHOOK,ha_100ema_doji_v1,tv_ha_100ema_doji_live_v1,AMD,sell,1,0,,,2026-05-14 13:30:51.079365+00:00,canceled,limit,bracket,day,f1f5bcc1-1fe8-4e28-bd56-562a59080214,d34d54af-6ea1-4898-a5af-b0540ffe3299
2026-05-16 21:21:09,C:\Users\RodgerTucker\tradingview-alpaca-bot\.env,TV_WEBHOOK,ha_100ema_doji_v1,tv_ha_100ema_doji_live_v1,AMD,sell,1,1,437.58,2026-05-14 13:32:50.672376+00:00,2026-05-14 13:30:36.095176+00:00,filled,stop,bracket,day,48adfecd-222c-490b-b96c-167163794ec4,d7084612-2948-486a-89e5-596e0aeab630
2026-05-16 21:21:09,C:\Users\RodgerTucker\tradingview-alpaca-bot\.env,TV_WEBHOOK,ha_100ema_doji_v1,tv_ha_100ema_doji_live_v1,AMD,sell,1,0,,,2026-05-14 13:30:33.239859+00:00,canceled,limit,bracket,day,baaf001d-3516-401b-b788-eab6d8d8330e,d33689da-81a0-4eb8-8129-265df6b33495
2026-05-16 21:21:09,C:\Users\RodgerTucker\tradingview-alpaca-bot\.env,TV_WEBHOOK,ha_100ema_doji_v1,tv_ha_100ema_doji_live_v1,AMD,sell,1,1,437.02,2026-05-14 13:32:55.305943+00:00,2026-05-14 13:30:30.392996+00:00,filled,stop,bracket,day,2f541104-d8c8-45c9-b883-3305566619ee,c00b425a-3e7a-46e3-8954-48a316f06455
2026-05-16 21:21:09,C:\Users\RodgerTucker\tradingview-alpaca-bot\.env,TV_WEBHOOK,ha_100ema_doji_v1,tv_ha_100ema_doji_live_v1,AMD,sell,1,0,,,2026-05-14 13:30:18.014637+00:00,canceled,limit,bracket,day,b11ad554-065a-4383-9634-0bd64eb990d2,b34c43c9-fa42-4f2c-a22e-5a2151102279
2026-05-16 21:21:09,C:\Users\RodgerTucker\tradingview-alpaca-bot\.env,TV_WEBHOOK,ha_100ema_doji_v1,tv_ha_100ema_doji_live_v1,QQQ,sell,1,1,714.4,2026-05-14 13:31:01.826539+00:00,2026-05-14 08:00:46.617829+00:00,filled,market,simple,day,a47d6544-075c-476b-b891-59c809237db6,95a1b540-48e1-439d-b20e-b9300bc1fd18
2026-05-16 21:21:09,C:\Users\RodgerTucker\tradingview-alpaca-bot\.env,TV_WEBHOOK,ha_100ema_doji_v1,tv_ha_100ema_doji_live_v1,AMD,buy,1,1,440.55,2026-05-14 13:30:09.715273+00:00,2026-05-14 08:00:46.606081+00:00,filled,market,bracket,day,7512310a-4a39-479f-91fd-2b6cad144e67,439d6aa9-8af0-4fd5-aa03-6a3d4bb696be
2026-05-16 21:21:09,C:\Users\RodgerTucker\tradingview-alpaca-bot\.env,TV_WEBHOOK,ha_100ema_doji_v1,tv_ha_100ema_doji_live_v1,AMD,buy,1,1,437.31,2026-05-14 13:30:57.869638+00:00,2026-05-14 08:00:46.600266+00:00,filled,market,bracket,day,507f2b96-a734-46cc-9f03-77b531eb19e4,6da9563b-e9c3-4cf1-9e24-0dea14ba8e7d
2026-05-16 21:21:09,C:\Users\RodgerTucker\tradingview-alpaca-bot\.env,TV_WEBHOOK,ha_100ema_doji_v1,tv_ha_100ema_doji_live_v1,AMD,buy,1,1,438,2026-05-14 13:30:51.071792+00:00,2026-05-14 08:00:46.587791+00:00,filled,market,bracket,day,3d85b4fc-1d56-49b0-9e2f-7a07b860cf8c,59cd6179-59fa-486c-bff0-1acd81e28bd0
2026-05-16 21:21:09,C:\Users\RodgerTucker\tradingview-alpaca-bot\.env,TV_WEBHOOK,ha_100ema_doji_v1,tv_ha_100ema_doji_live_v1,AMD,buy,1,1,437.57,2026-05-14 13:31:14.112350+00:00,2026-05-14 08:00:46.571938+00:00,filled,market,bracket,day,3844bad1-0e08-4ecb-a5c7-8fb7db796f3f,6117b87b-6b47-481a-bb9f-e5cbc9fbde18
2026-05-16 21:21:09,C:\Users\RodgerTucker\tradingview-alpaca-bot\.env,TV_WEBHOOK,ha_100ema_doji_v1,tv_ha_100ema_doji_live_v1,AMD,buy,1,1,436.93,2026-05-14 13:30:30.014027+00:00,2026-05-14 08:00:44.224099+00:00,filled,market,bracket,day,c929f116-989f-4260-8da7-1a4460d45d0f,d6ddbb4b-7fcd-4343-8a1e-6c23d4f2de13
2026-05-16 21:21:09,C:\Users\RodgerTucker\tradingview-alpaca-bot\.env,TV_WEBHOOK,ha_100ema_doji_v1,tv_ha_100ema_doji_live_v1,TSLA,sell,1,1,450.91,2026-05-13 18:15:05.585420+00:00,2026-05-13 17:47:03.955034+00:00,filled,limit,bracket,day,dcb1db51-c950-481b-97cd-df8ea4d6925b,bbc40967-cbbc-4208-951b-53b1977d8c2a
2026-05-16 21:21:09,C:\Users\RodgerTucker\tradingview-alpaca-bot\.env,TV_WEBHOOK,ha_100ema_doji_v1,tv_ha_100ema_doji_live_v1,TSLA,buy,1,1,447.83,2026-05-13 17:47:03.939191+00:00,2026-05-13 17:47:03.288995+00:00,filled,market,bracket,day,79c5db56-b7c5-444d-a1e7-f58d1805e112,4aa07afb-5b1f-40c0-8f12-3eab18ca2e91
2026-05-16 21:21:09,C:\Users\RodgerTucker\tradingview-alpaca-bot\.env,TV_WEBHOOK,ha_100ema_doji_v1,tv_ha_100ema_doji_live_v1,TSLA,sell,1,0,,,2026-05-13 17:47:03.283441+00:00,canceled,stop,bracket,day,ac0186c2-8c3e-4637-b13b-a05675ec67ec,4e9e9966-0139-4cdd-8186-117f522a8d70
2026-05-16 21:21:09,C:\Users\RodgerTucker\tradingview-alpaca-bot\.env,TV_WEBHOOK,ha_100ema_doji_v1,tv_ha_100ema_doji_live_v1,QQQ,sell,1,0,,,2026-05-13 17:20:04.593292+00:00,expired,limit,bracket,day,76fa3686-6df4-4923-9c72-446ab023a149,cb28f2b0-7155-4f82-98a4-17218093d8f9
2026-05-16 21:21:09,C:\Users\RodgerTucker\tradingview-alpaca-bot\.env,TV_WEBHOOK,ha_100ema_doji_v1,tv_ha_100ema_doji_live_v1,QQQ,buy,1,1,714.76,2026-05-13 17:20:04.573313+00:00,2026-05-13 17:20:03.927375+00:00,filled,market,bracket,day,5381243b-207a-4539-8582-e06fd1dd1261,aac67a20-b72b-44a4-9c87-7308f5570cff
2026-05-16 21:21:09,C:\Users\RodgerTucker\tradingview-alpaca-bot\.env,TV_WEBHOOK,ha_100ema_doji_v1,tv_ha_100ema_doji_live_v1,QQQ,sell,1,0,,,2026-05-13 17:20:03.906874+00:00,canceled,stop,bracket,day,e5f60484-4e85-4846-b8f3-66e079716a54,fc551f3d-6a9f-4204-bf3b-a94cc7350060
2026-05-16 21:21:09,C:\Users\RodgerTucker\tradingview-alpaca-bot\.env,TV_WEBHOOK,ha_100ema_doji_v1,tv_ha_100ema_doji_live_v1,AMD,sell,1,1,448.4,2026-05-13 16:24:39.626943+00:00,2026-05-13 15:36:04.637141+00:00,filled,limit,bracket,day,2a8d35ee-d9b6-4194-b022-445cc9293e45,dc6d44d0-849e-4426-b300-624f0fe52ec3
2026-05-16 21:21:09,C:\Users\RodgerTucker\tradingview-alpaca-bot\.env,TV_WEBHOOK,ha_100ema_doji_v1,tv_ha_100ema_doji_live_v1,AMD,buy,1,1,445.4,2026-05-13 15:36:04.613224+00:00,2026-05-13 15:36:04.346382+00:00,filled,market,bracket,day,73fe5988-74a9-44a8-a289-07aaffc88ac7,1e0e343f-640b-4992-9815-a639ff12d957
2026-05-16 21:21:09,C:\Users\RodgerTucker\tradingview-alpaca-bot\.env,TV_WEBHOOK,ha_100ema_doji_v1,tv_ha_100ema_doji_live_v1,AMD,sell,1,0,,,2026-05-13 15:36:04.341120+00:00,canceled,stop,bracket,day,dd39abb2-33ec-4ca5-a03f-a5f07b490fe2,11b96eeb-f409-4803-8349-4ab9739bab21
2026-05-16 21:21:09,C:\Users\RodgerTucker\tradingview-alpaca-bot\.env,TV_WEBHOOK,ha_100ema_doji_v1,tv_ha_100ema_doji_live_v1,TSLA,sell,1,1,451.05,2026-05-13 15:30:04.008762+00:00,2026-05-13 15:28:03.048009+00:00,filled,limit,bracket,day,a89d4994-22c2-45a7-a86d-56eb53656515,03f0d3bc-c4f5-4db9-961b-e1f3c7826a6d
2026-05-16 21:21:09,C:\Users\RodgerTucker\tradingview-alpaca-bot\.env,TV_WEBHOOK,ha_100ema_doji_v1,tv_ha_100ema_doji_live_v1,TSLA,buy,1,1,448.18,2026-05-13 15:28:03.040208+00:00,2026-05-13 15:28:02.313866+00:00,filled,market,bracket,day,5d62ef04-f722-4131-b656-8287ce191cc7,fdf1b9ac-0cb5-425b-94be-1bfc42ad367d
2026-05-16 21:21:09,C:\Users\RodgerTucker\tradingview-alpaca-bot\.env,TV_WEBHOOK,ha_100ema_doji_v1,tv_ha_100ema_doji_live_v1,TSLA,sell,1,0,,,2026-05-13 15:28:02.308421+00:00,canceled,stop,bracket,day,ecad90c2-6907-4551-baaf-e51bd1cc04a9,65ad03c0-caf2-452e-a674-9d026d2edd13
2026-05-16 21:21:09,C:\Users\RodgerTucker\tradingview-alpaca-bot\.env,TV_WEBHOOK,ha_100ema_doji_v1,tv_ha_100ema_doji_live_v1,AMD,sell,1,1,444.8,2026-05-13 15:27:24.553348+00:00,2026-05-13 15:27:23.437531+00:00,filled,stop,bracket,day,f3d5c2e4-aa2c-42ac-b2c3-5beb6ee74597,5eb821de-e167-4979-92d9-7ae14a10d984
2026-05-16 21:21:09,C:\Users\RodgerTucker\tradingview-alpaca-bot\.env,TV_WEBHOOK,ha_100ema_doji_v1,tv_ha_100ema_doji_live_v1,AMD,sell,1,0,,,2026-05-13 15:21:03.346797+00:00,canceled,limit,bracket,day,7a2341e0-d43d-43b1-bdcc-c6f3cb04bf46,523ef236-2c06-4844-829e-b8c137cb2488
2026-05-16 21:21:09,C:\Users\RodgerTucker\tradingview-alpaca-bot\.env,TV_WEBHOOK,ha_100ema_doji_v1,tv_ha_100ema_doji_live_v1,AMD,buy,1,1,447.37,2026-05-13 15:21:03.297790+00:00,2026-05-13 15:21:02.587055+00:00,filled,market,bracket,day,e9d50001-2358-47ae-b977-43a94dcdd1f4,51da7b7e-0e09-4fe8-93be-7a7f9e8601b6
2026-05-16 21:21:09,C:\Users\RodgerTucker\tradingview-alpaca-bot\.env,TV_WEBHOOK,ha_100ema_doji_v1,tv_ha_100ema_doji_live_v1,QQQ,sell,1,1,712.52,2026-05-13 16:15:07.904923+00:00,2026-05-13 14:43:34.588851+00:00,filled,limit,bracket,day,52248162-6231-42fc-9146-93f23c7688c7,451dde16-39e6-4076-a121-8460feab766b
2026-05-16 21:21:09,C:\Users\RodgerTucker\tradingview-alpaca-bot\.env,TV_WEBHOOK,ha_100ema_doji_v1,tv_ha_100ema_doji_live_v1,QQQ,buy,1,1,709.61,2026-05-13 14:43:34.575667+00:00,2026-05-13 14:43:33.866675+00:00,filled,market,bracket,day,d3fb4f3e-1fb1-410b-b1eb-f6fef3df9095,4f8be40c-cab4-4bd7-9a4d-5deaa10a10e5
2026-05-16 21:21:09,C:\Users\RodgerTucker\tradingview-alpaca-bot\.env,TV_WEBHOOK,ha_100ema_doji_v1,tv_ha_100ema_doji_live_v1,QQQ,sell,1,0,,,2026-05-13 14:43:33.849477+00:00,canceled,stop,bracket,day,674711a4-9433-40ea-9d91-252788a2375d,6bb4d0a1-1a4a-458e-a560-35a06732c13a
2026-05-16 21:21:09,C:\Users\RodgerTucker\tradingview-alpaca-bot\.env,TV_WEBHOOK,ha_100ema_doji_v1,tv_ha_100ema_doji_live_v1,AMD,sell,1,1,446.32,2026-05-12 14:46:54.193259+00:00,2026-05-12 14:46:53.807255+00:00,filled,stop,bracket,day,8f9873e7-87ba-4dee-89ab-7288dce89a38,78a81738-9b9c-4feb-b7d6-7e28c2313945
2026-05-16 21:21:09,C:\Users\RodgerTucker\tradingview-alpaca-bot\.env,TV_WEBHOOK,ha_100ema_doji_v1,tv_ha_100ema_doji_live_v1,AMD,sell,1,0,,,2026-05-12 14:42:03.588786+00:00,canceled,limit,bracket,day,dc6c8cf9-5b96-4c62-b0e8-da6eec7b6f31,2d0af537-fdf1-4e92-90b5-349f2229c3bb
2026-05-16 21:21:09,C:\Users\RodgerTucker\tradingview-alpaca-bot\.env,TV_WEBHOOK,ha_100ema_doji_v1,tv_ha_100ema_doji_live_v1,AMD,buy,1,1,448.13,2026-05-12 14:42:03.574538+00:00,2026-05-12 14:42:03.194702+00:00,filled,market,bracket,day,4d21e385-24f8-4138-b8b8-b867faf5123d,d5e7a60e-0814-4694-baed-413cbea7abda
2026-05-16 21:21:09,C:\Users\RodgerTucker\tradingview-alpaca-bot\.env,TV_WEBHOOK,ha_100ema_doji_v1,tv_ha_100ema_doji_live_v1,QQQ,sell,1,1,704.38,2026-05-12 14:30:25.989806+00:00,2026-05-12 14:30:25.055480+00:00,filled,stop,bracket,day,89619ce3-44cf-4497-83d7-4ca1ffc0d477,e90e5bd1-2faf-495d-b152-2708e774bf95
2026-05-16 21:21:09,C:\Users\RodgerTucker\tradingview-alpaca-bot\.env,TV_WEBHOOK,ha_100ema_doji_v1,tv_ha_100ema_doji_live_v1,TSLA,sell,1,1,436.57,2026-05-12 14:28:30.175167+00:00,2026-05-12 14:28:29.212125+00:00,filled,stop,bracket,day,eba1bee9-2b30-4720-ad32-3de9bdac3130,904ff1d0-bc59-491c-8701-156d5fc9f73e
2026-05-16 21:21:09,C:\Users\RodgerTucker\tradingview-alpaca-bot\.env,TV_WEBHOOK,ha_100ema_doji_v1,tv_ha_100ema_doji_live_v1,TSLA,sell,1,0,,,2026-05-12 14:23:02.687883+00:00,canceled,limit,bracket,day,7c9106e5-0595-4f3a-b6f8-e95e92fe29d1,eb65f43e-09aa-4216-a7c2-2bee24b0d2a2
2026-05-16 21:21:09,C:\Users\RodgerTucker\tradingview-alpaca-bot\.env,TV_WEBHOOK,ha_100ema_doji_v1,tv_ha_100ema_doji_live_v1,TSLA,buy,1,1,438.09,2026-05-12 14:23:02.681785+00:00,2026-05-12 14:23:02.192756+00:00,filled,market,bracket,day,5315924a-be44-4be1-9e50-1fd2f83f234e,e18b52cf-8f52-4c64-8b1c-3f6969fa7674
2026-05-16 21:21:09,C:\Users\RodgerTucker\tradingview-alpaca-bot\.env,TV_WEBHOOK,ha_100ema_doji_v1,tv_ha_100ema_doji_live_v1,AMD,sell,1,1,452.74,2026-05-12 14:12:41.103531+00:00,2026-05-12 14:09:04.002563+00:00,filled,limit,bracket,day,b4153773-4912-417d-bcc0-602ba7ffcdba,c0ffe37a-526e-481e-8922-7e06c099b7c7
2026-05-16 21:21:09,C:\Users\RodgerTucker\tradingview-alpaca-bot\.env,TV_WEBHOOK,ha_100ema_doji_v1,tv_ha_100ema_doji_live_v1,AMD,buy,1,1,450,2026-05-12 14:09:03.995211+00:00,2026-05-12 14:09:03.363523+00:00,filled,market,bracket,day,b0c262f4-fd00-4c74-9bbe-41ec4e5f69b6,09dc0512-f998-4de1-92d6-af48e8584617
2026-05-16 21:21:09,C:\Users\RodgerTucker\tradingview-alpaca-bot\.env,TV_WEBHOOK,ha_100ema_doji_v1,tv_ha_100ema_doji_live_v1,AMD,sell,1,0,,,2026-05-12 14:09:03.357387+00:00,canceled,stop,bracket,day,d71338b5-32b1-4e6f-94e2-7d6992eb387e,7758633b-c80e-4395-bc40-962b4cc7e866
2026-05-16 21:21:09,C:\Users\RodgerTucker\tradingview-alpaca-bot\.env,TV_WEBHOOK,ha_100ema_doji_v1,tv_ha_100ema_doji_live_v1,QQQ,sell,1,0,,,2026-05-12 14:09:02.468066+00:00,canceled,limit,bracket,day,95adbce9-819f-427f-aaf6-c3faeb15f59c,045a070e-b75c-4a3e-a9a4-2873a0176985
2026-05-16 21:21:09,C:\Users\RodgerTucker\tradingview-alpaca-bot\.env,TV_WEBHOOK,ha_100ema_doji_v1,tv_ha_100ema_doji_live_v1,QQQ,buy,1,1,706.11,2026-05-12 14:09:02.458146+00:00,2026-05-12 14:09:01.927807+00:00,filled,market,bracket,day,90ed5b64-9cbc-424b-99df-3185d82a1d6f,8c889446-2b0a-4580-96eb-b466d2c0ff7f
2026-05-16 21:21:09,C:\Users\RodgerTucker\tradingview-alpaca-bot\.env,TV_WEBHOOK,ha_100ema_doji_v1,tv_ha_100ema_doji_live_v1,QQQ,sell,1,1,707.94,2026-05-12 13:48:21.903127+00:00,2026-05-12 13:48:21.605103+00:00,filled,stop,bracket,day,62d23230-b993-4f86-950c-18a274ba1080,e169f452-cc9a-4d6c-a6a7-a30d4aebf578
2026-05-16 21:21:09,C:\Users\RodgerTucker\tradingview-alpaca-bot\.env,TV_WEBHOOK,ha_100ema_doji_v1,tv_ha_100ema_doji_live_v1,QQQ,sell,1,0,,,2026-05-12 13:47:03.250533+00:00,canceled,limit,bracket,day,11d79b1d-9da2-4d13-b552-c37353a3d0a6,a281fd4c-e313-47e9-9b2f-8849c093d958
2026-05-16 21:21:09,C:\Users\RodgerTucker\tradingview-alpaca-bot\.env,TV_WEBHOOK,ha_100ema_doji_v1,tv_ha_100ema_doji_live_v1,QQQ,buy,1,1,709.23,2026-05-12 13:47:03.235779+00:00,2026-05-12 13:47:02.078084+00:00,filled,market,bracket,day,f22e0898-1d1c-4621-8797-f141f9ce2231,6269bfdf-69ca-4f5c-ba8e-15ce05a0f13e
2026-05-16 21:21:09,C:\Users\RodgerTucker\tradingview-alpaca-bot\.env,TV_WEBHOOK,ha_100ema_doji_v1,tv_ha_100ema_doji_live_v1,TSLA,sell,1,1,447.25,2026-05-12 13:43:47.562442+00:00,2026-05-12 13:42:02.739042+00:00,filled,limit,bracket,day,b83e7346-79c8-4838-8817-31ea1ae515c2,00a30aa9-d5fe-417a-bce8-ece6debec66f
2026-05-16 21:21:09,C:\Users\RodgerTucker\tradingview-alpaca-bot\.env,TV_WEBHOOK,ha_100ema_doji_v1,tv_ha_100ema_doji_live_v1,TSLA,buy,1,1,444.17,2026-05-12 13:42:02.655076+00:00,2026-05-12 13:42:02.466997+00:00,filled,market,bracket,day,6632d65e-2d51-4348-99a5-61850aaa5ec1,f56ce04a-017a-491c-a14f-ee9a8c085c4a
2026-05-16 21:21:09,C:\Users\RodgerTucker\tradingview-alpaca-bot\.env,TV_WEBHOOK,ha_100ema_doji_v1,tv_ha_100ema_doji_live_v1,TSLA,sell,1,0,,,2026-05-12 13:42:02.395640+00:00,canceled,stop,bracket,day,68fe8f49-2c64-4815-9420-ff7e65733c6f,d7485115-fe22-411c-a709-bb0abf468496
2026-05-16 21:21:09,C:\Users\RodgerTucker\tradingview-alpaca-bot\.env,TV_WEBHOOK,ha_100ema_doji_v1,tv_ha_100ema_doji_live_v1,AMD,sell,1,1,452.33,2026-05-12 13:32:47.987986+00:00,2026-05-12 13:32:06.238218+00:00,filled,stop,bracket,day,5ef31399-392e-4839-a555-d55891b59c1f,f47f1980-4d84-4911-aa11-94490d6e85d1
2026-05-16 21:21:09,C:\Users\RodgerTucker\tradingview-alpaca-bot\.env,TV_WEBHOOK,ha_100ema_doji_v1,tv_ha_100ema_doji_live_v1,AMD,sell,1,0,,,2026-05-12 13:32:06.216015+00:00,canceled,limit,bracket,day,bc4dcef9-731f-4984-88b9-64e461fbe8b8,5f235ff9-8734-4cb1-95ed-4c25d57d9119
2026-05-16 21:21:09,C:\Users\RodgerTucker\tradingview-alpaca-bot\.env,TV_WEBHOOK,ha_100ema_doji_v1,tv_ha_100ema_doji_live_v1,AMD,sell,1,1,450.72,2026-05-12 13:31:32.757611+00:00,2026-05-12 13:30:44.803400+00:00,filled,stop,bracket,day,6040c4b4-2bbe-46c1-9b66-ca38b514e669,b29284be-66b5-4619-bea4-6e3f70e423ec
2026-05-16 21:21:09,C:\Users\RodgerTucker\tradingview-alpaca-bot\.env,TV_WEBHOOK,ha_100ema_doji_v1,tv_ha_100ema_doji_live_v1,AMD,sell,1,0,,,2026-05-12 13:30:25.262764+00:00,canceled,limit,bracket,day,36f7b4b9-0440-46ee-b5e5-2a9c7943f922,27fcafe8-5fc1-481a-a396-e1135e1bff78
2026-05-16 21:21:09,C:\Users\RodgerTucker\tradingview-alpaca-bot\.env,TV_WEBHOOK,ha_100ema_doji_v1,tv_ha_100ema_doji_live_v1,AMD,buy,1,1,447.12,2026-05-12 13:30:11.731620+00:00,2026-05-12 08:01:14.036730+00:00,filled,market,bracket,day,9a39e945-1c18-4f1e-a396-11fb7404f1a9,dbeedddc-ef05-49c6-9222-f773ca691187
2026-05-16 21:21:09,C:\Users\RodgerTucker\tradingview-alpaca-bot\.env,TV_WEBHOOK,ha_100ema_doji_v1,tv_ha_100ema_doji_live_v1,AMD,buy,1,1,452.85,2026-05-12 13:32:06.205647+00:00,2026-05-12 08:01:14.032867+00:00,filled,market,bracket,day,d9456a08-0908-4283-9b75-ae88e402233b,e95dc1cb-9b82-4f84-9c14-70d66b8bf50b
2026-05-16 21:21:09,C:\Users\RodgerTucker\tradingview-alpaca-bot\.env,TV_WEBHOOK,ha_100ema_doji_v1,tv_ha_100ema_doji_live_v1,AMD,sell,2,2,422.47,2026-05-08 13:33:28.187692+00:00,2026-05-08 13:32:07.521387+00:00,filled,limit,bracket,day,dfe09944-fcad-4447-8246-bdfdef5d8b68,328a3088-398b-4ee5-9872-aefa71c1e33c
2026-05-16 21:21:09,C:\Users\RodgerTucker\tradingview-alpaca-bot\.env,TV_WEBHOOK,ha_100ema_doji_v1,tv_ha_100ema_doji_live_v1,AMD,sell,2,2,423.585,2026-05-08 13:32:57.036542+00:00,2026-05-08 13:31:26.187110+00:00,filled,limit,bracket,day,a2468c77-8579-4d87-91c1-acd7692d8112,49a58130-530f-49d3-bc26-a24f6e3aa755
2026-05-16 21:21:09,C:\Users\RodgerTucker\tradingview-alpaca-bot\.env,TV_WEBHOOK,ha_100ema_doji_v1,tv_ha_100ema_doji_live_v1,AMD,buy,2,2,423.05,2026-05-08 13:32:07.507335+00:00,2026-05-08 08:00:45.243861+00:00,filled,market,bracket,day,b5cdb9d1-84c7-4b6f-ad3f-a41fcbf3c558,4771f2d9-2a9f-4ac9-8d31-8c0f8e0d8750
2026-05-16 21:21:09,C:\Users\RodgerTucker\tradingview-alpaca-bot\.env,TV_WEBHOOK,ha_100ema_doji_v1,tv_ha_100ema_doji_live_v1,AMD,buy,2,2,424.45,2026-05-08 13:31:26.168357+00:00,2026-05-08 08:00:45.196207+00:00,filled,market,bracket,day,d236be85-e81a-4b97-be99-b8ce3fc57186,36aec001-2b09-47a1-b843-a91da1091b75
2026-05-16 21:21:09,C:\Users\RodgerTucker\tradingview-alpaca-bot\.env,TV_WEBHOOK,ha_100ema_doji_v1,tv_ha_100ema_doji_live_v1,AMD,sell,2,0,,,2026-05-07 23:11:31.836297+00:00,canceled,stop,bracket,day,838af194-69b5-49b3-9ebf-24bef75b34d1,2d6f7a74-815d-4d2e-957b-bd202d6af77b
2026-05-16 21:21:09,C:\Users\RodgerTucker\tradingview-alpaca-bot\.env,TV_WEBHOOK,ha_100ema_doji_v1,tv_ha_100ema_doji_live_v1,AMD,sell,2,0,,,2026-05-07 23:09:35.852493+00:00,canceled,stop,bracket,day,e36d2126-e849-4ce9-99ca-5c8661dd68c8,64dd5ba1-220e-43b0-97fa-d35259cf3768
2026-05-16 21:21:10,C:\Users\RodgerTucker\alligator-alpaca-bot\.env,ALLIGATOR,alligator_trend_v1,alligator_live_v1,AMD,sell,1,1,434.01,2026-05-15 14:11:54.566405+00:00,2026-05-15 14:11:53.919253+00:00,filled,market,simple,day,a4d71ee0-69c1-4b9e-84b7-f1c49b2d413b,cc6b9e2f-684c-4215-9ffe-a3f814593159
2026-05-16 21:21:10,C:\Users\RodgerTucker\alligator-alpaca-bot\.env,ALLIGATOR,alligator_trend_v1,alligator_live_v1,AMD,sell,1,0,,,2026-05-14 16:43:55.478831+00:00,expired,limit,bracket,day,24023542-4dbd-4dd6-ad26-ea007d7d091a,6f0aa92c-e18b-4630-b796-3e5f69627e3c
2026-05-16 21:21:10,C:\Users\RodgerTucker\alligator-alpaca-bot\.env,ALLIGATOR,alligator_trend_v1,alligator_live_v1,AMD,buy,1,1,448.98,2026-05-14 16:43:55.471057+00:00,2026-05-14 16:43:54.628667+00:00,filled,market,bracket,day,6972e2dd-288b-47be-a848-19762d44050f,456fd267-4f6d-49ab-92a4-89182c14e7fd
2026-05-16 21:21:10,C:\Users\RodgerTucker\alligator-alpaca-bot\.env,ALLIGATOR,alligator_trend_v1,alligator_live_v1,AMD,sell,1,0,,,2026-05-14 16:43:54.622954+00:00,canceled,stop,bracket,day,448bdf21-1b57-4c04-a3ce-817ae04a8e2d,ce6bf7d1-05b2-4e04-9ca3-1c0ea931218d
2026-05-16 21:21:10,C:\Users\RodgerTucker\alligator-alpaca-bot\.env,ALLIGATOR,alligator_trend_v1,alligator_live_v1,AMD,sell,1,1,449.89,2026-05-13 17:01:42.796800+00:00,2026-05-13 14:32:00.315651+00:00,filled,limit,bracket,day,edfe259d-11da-4d34-b767-0697354f2b2e,5967d004-7359-42f4-a8d4-051e97cb5585
2026-05-16 21:21:10,C:\Users\RodgerTucker\alligator-alpaca-bot\.env,ALLIGATOR,alligator_trend_v1,alligator_live_v1,AMD,buy,1,1,439.5,2026-05-13 14:32:00.302639+00:00,2026-05-13 14:31:59.943085+00:00,filled,market,bracket,day,f88d8a65-a3b8-434d-9e3f-9aff7791fc71,6ae8aab4-dd9d-4b4c-ad31-37dbac377760
2026-05-16 21:21:10,C:\Users\RodgerTucker\alligator-alpaca-bot\.env,ALLIGATOR,alligator_trend_v1,alligator_live_v1,AMD,sell,1,0,,,2026-05-13 14:31:59.862443+00:00,canceled,stop,bracket,day,b45d28d8-3f8b-4448-9bf2-1d028f2e4da2,351b1462-d66e-4d94-af06-73bcc12cc669
2026-05-16 21:21:10,C:\Users\RodgerTucker\alligator-alpaca-bot\.env,ALLIGATOR,alligator_trend_v1,alligator_live_v1,AMD,sell,1,1,439.12,2026-05-13 13:47:58.926949+00:00,2026-05-13 13:47:58.451253+00:00,filled,stop,bracket,day,574e84e7-90b2-4cb2-9621-9697ab5e2501,5dbc247e-50cf-47f3-b64e-259dd2d61a29
2026-05-16 21:21:10,C:\Users\RodgerTucker\alligator-alpaca-bot\.env,ALLIGATOR,alligator_trend_v1,alligator_live_v1,AMD,sell,1,0,,,2026-05-13 13:30:52.801686+00:00,canceled,limit,bracket,day,43dc8d4e-d6e8-484f-9cc7-4b4126bd7fae,0723ed18-2ad4-4b9b-a9ef-186ea57ec559
2026-05-16 21:21:10,C:\Users\RodgerTucker\alligator-alpaca-bot\.env,ALLIGATOR,alligator_trend_v1,alligator_live_v1,AMD,buy,1,1,454.82,2026-05-13 13:30:52.777771+00:00,2026-05-13 08:00:22.977792+00:00,filled,market,bracket,day,a1a6d2f2-edb6-4a73-ac06-d8a6c7d693d5,beb79d03-76bb-4efc-8e1c-f8aa7443562e
2026-05-16 21:21:10,C:\Users\RodgerTucker\alligator-alpaca-bot\.env,ALLIGATOR,alligator_trend_v1,alligator_live_v1,MSFT,sell,3,3,410.423333,2026-05-12 13:33:54.273443+00:00,2026-05-12 13:32:45.358321+00:00,filled,stop,bracket,day,6620aff1-dc37-4b5c-ab4b-53c4d2bae28b,035749db-611a-4c17-ac1d-b8772b0f0304
2026-05-16 21:21:10,C:\Users\RodgerTucker\alligator-alpaca-bot\.env,ALLIGATOR,alligator_trend_v1,alligator_live_v1,AMD,sell,3,3,454.26,2026-05-12 13:34:23.725103+00:00,2026-05-12 13:32:37.713684+00:00,filled,stop,bracket,day,25b27e9b-4382-46db-953b-5cfc3647391b,84f58242-01c7-4ba9-866c-8f55fb7f34c4
2026-05-16 21:21:10,C:\Users\RodgerTucker\alligator-alpaca-bot\.env,ALLIGATOR,alligator_trend_v1,alligator_live_v1,AMD,sell,3,0,,,2026-05-12 13:32:37.694623+00:00,canceled,limit,bracket,day,14913e9e-a47a-45a4-b39b-7044e016b911,14f84647-0b7e-4f0b-8a1a-8c0b0a14ecb6
2026-05-16 21:21:10,C:\Users\RodgerTucker\alligator-alpaca-bot\.env,ALLIGATOR,alligator_trend_v1,alligator_live_v1,MSFT,sell,3,0,,,2026-05-12 13:31:39.953639+00:00,canceled,limit,bracket,day,c9c95f01-be58-487f-a3ef-cd06bca17cef,acfc3e3d-48ee-4ec0-90f8-76ba1fac3ea8
2026-05-16 21:21:10,C:\Users\RodgerTucker\alligator-alpaca-bot\.env,ALLIGATOR,alligator_trend_v1,alligator_live_v1,AMD,buy,3,3,451.893333,2026-05-12 13:32:37.687917+00:00,2026-05-12 08:00:21.653783+00:00,filled,market,bracket,day,659455cf-5acc-4250-8b21-eb8adc224e33,c7920098-faee-4ec3-9f90-69638ca3d857
2026-05-16 21:21:10,C:\Users\RodgerTucker\alligator-alpaca-bot\.env,ALLIGATOR,alligator_trend_v1,alligator_live_v1,MSFT,buy,3,3,413.463333,2026-05-12 13:31:39.926414+00:00,2026-05-12 08:00:20.826997+00:00,filled,market,bracket,day,eee68882-10f5-4083-adbc-e345d602d1d8,b5de0e18-9e5e-4e81-83d2-5200b386968e
